concurso,data,bola_1,bola_2,bola_3,bola_4,bola_5
6942,31/01/2026,16,33,34,50,71
6941,30/01/2026,12,32,34,57,64
6940,29/01/2026,24,53,66,73,77
6939,28/01/2026,10,26,27,55,73
6938,27/01/2026,03,04,21,32,52
6937,26/01/2026,16,17,46,56,70
6936,24/01/2026,08,15,21,39,48
6935,23/01/2026,05,07,33,58,64
6934,22/01/2026,05,15,25,40,67
6933,21/01/2026,51,55,62,64,69
6932,20/01/2026,28,33,65,71,76
6931,19/01/2026,48,69,73,77,79
6930,17/01/2026,05,16,22,65,80
6929,16/01/2026,08,13,14,53,54
6928,15/01/2026,33,44,56,66,72
6927,14/01/2026,03,20,49,57,69
6926,13/01/2026,14,29,40,79,80
6925,12/01/2026,09,25,44,46,62
6924,10/01/2026,04,13,49,52,66
6923,09/01/2026,18,34,41,57,63
6922,08/01/2026,16,26,36,51,56
6921,07/01/2026,26,50,69,74,77
6920,06/01/2026,04,28,34,42,47
6919,05/01/2026,04,06,09,26,64
6918,03/01/2026,09,21,24,63,69
6917,02/01/2026,11,15,29,48,57
6916,01/01/2026,08,54,58,72,76
6915,30/12/2025,05,19,21,51,66
6914,29/12/2025,25,41,48,49,66
6913,27/12/2025,25,31,38,42,58
6912,26/12/2025,04,43,44,58,62
6911,24/12/2025,03,51,56,59,72
6910,23/12/2025,02,18,20,49,68
6909,22/12/2025,09,25,57,63,75
6908,20/12/2025,01,10,42,58,72
6907,19/12/2025,23,41,46,58,66
6906,18/12/2025,05,32,51,55,56
6905,17/12/2025,03,18,24,60,78
6904,16/12/2025,09,14,23,42,46
6903,15/12/2025,03,45,54,65,68
6902,13/12/2025,08,24,44,57,65
6901,12/12/2025,06,42,45,57,78
6900,11/12/2025,10,33,34,36,58
6899,10/12/2025,17,42,50,56,76
6898,09/12/2025,13,32,63,65,76
6897,08/12/2025,03,19,35,75,79
6896,06/12/2025,03,23,64,66,79
6895,05/12/2025,15,38,64,67,73
6894,04/12/2025,22,24,33,44,69
6893,03/12/2025,06,31,64,68,72
6892,02/12/2025,10,21,38,73,77
6891,01/12/2025,19,29,35,64,78
6890,29/11/2025,08,12,67,68,70
6889,28/11/2025,01,06,28,41,42
6888,27/11/2025,05,29,37,52,69
6887,26/11/2025,16,29,57,67,72
6886,25/11/2025,09,20,33,63,69
6885,24/11/2025,12,39,41,68,78
6884,22/11/2025,05,18,46,55,70
6883,21/11/2025,08,44,45,52,78
6882,19/11/2025,16,18,36,60,80
6881,18/11/2025,26,49,52,54,57
6880,17/11/2025,31,44,57,61,62
6879,14/11/2025,04,25,32,43,71
6878,13/11/2025,18,20,23,51,56
6877,12/11/2025,26,27,36,41,80
6876,11/11/2025,01,11,17,22,46
6875,10/11/2025,09,22,23,34,64
6874,08/11/2025,03,36,61,63,65
6873,07/11/2025,09,24,28,35,36
6872,06/11/2025,03,06,26,37,44
6871,05/11/2025,07,21,31,44,45
6870,04/11/2025,18,19,20,42,46
6869,03/11/2025,29,38,59,64,65
6868,01/11/2025,10,17,26,33,38
6867,31/10/2025,04,05,18,19,56
6866,30/10/2025,02,12,46,65,73
6865,29/10/2025,29,42,55,71,75
6864,28/10/2025,06,18,55,58,78
6863,27/10/2025,28,47,50,65,79
6862,25/10/2025,11,39,51,62,68
6861,24/10/2025,26,32,42,57,78
6860,23/10/2025,12,46,58,62,69
6859,22/10/2025,23,33,36,39,79
6858,21/10/2025,31,55,70,78,80
6857,20/10/2025,21,32,34,41,46
6856,18/10/2025,05,10,16,33,53
6855,17/10/2025,04,06,33,56,63
6854,16/10/2025,08,42,53,65,68
6853,15/10/2025,07,09,48,54,75
6852,14/10/2025,24,46,50,62,68
6851,13/10/2025,13,18,32,42,55
6850,11/10/2025,34,55,61,71,72
6849,10/10/2025,13,22,23,30,67
6848,09/10/2025,31,32,34,45,80
6847,08/10/2025,17,18,27,66,71
6846,07/10/2025,04,49,51,57,63
6845,06/10/2025,30,45,56,57,62
6844,04/10/2025,05,09,11,52,59
6843,03/10/2025,04,14,45,71,80
6842,02/10/2025,12,25,33,41,52
6841,01/10/2025,12,25,33,42,74
6840,30/09/2025,26,36,43,46,74
6839,29/09/2025,11,26,28,44,61
6838,27/09/2025,31,33,50,70,77
6837,26/09/2025,13,25,57,64,75
6836,25/09/2025,05,16,29,33,76
6835,24/09/2025,04,13,30,49,68
6834,23/09/2025,11,41,51,78,79
6833,22/09/2025,03,07,09,22,73
6832,20/09/2025,13,33,46,71,80
6831,19/09/2025,21,28,66,68,79
6830,18/09/2025,27,28,30,34,76
6829,17/09/2025,42,52,57,58,66
6828,16/09/2025,53,54,62,66,77
6827,15/09/2025,01,52,53,66,78
6826,13/09/2025,07,09,10,34,70
6825,12/09/2025,04,11,12,29,37
6824,11/09/2025,01,12,29,70,74
6823,10/09/2025,03,32,49,50,52
6822,09/09/2025,01,02,27,62,79
6821,08/09/2025,15,41,59,72,79
6820,06/09/2025,01,11,32,37,62
6819,05/09/2025,06,38,43,52,63
6818,04/09/2025,06,13,36,53,63
6817,03/09/2025,02,13,52,60,63
6816,02/09/2025,01,27,50,71,72
6815,01/09/2025,04,14,26,66,74
6814,30/08/2025,12,36,38,42,80
6813,29/08/2025,02,14,38,39,52
6812,28/08/2025,05,12,21,50,57
6811,27/08/2025,10,17,33,49,60
6810,26/08/2025,07,08,34,61,75
6809,25/08/2025,03,16,38,48,66
6808,23/08/2025,07,19,21,37,65
6807,22/08/2025,03,17,27,55,70
6806,21/08/2025,01,03,14,19,56
6805,20/08/2025,06,16,18,26,73
6804,19/08/2025,06,47,50,54,58
6803,18/08/2025,27,33,43,65,71
6802,16/08/2025,05,10,31,75,76
6801,15/08/2025,14,16,18,29,32
6800,14/08/2025,02,06,11,55,76
6799,13/08/2025,04,19,32,37,43
6798,12/08/2025,11,21,42,50,60
6797,11/08/2025,05,17,18,20,45
6796,09/08/2025,01,10,15,39,69
6795,08/08/2025,03,17,37,62,76
6794,07/08/2025,01,24,30,62,71
6793,06/08/2025,29,30,38,39,73
6792,05/08/2025,16,42,43,62,68
6791,04/08/2025,24,33,47,55,57
6790,02/08/2025,35,39,57,73,75
6789,01/08/2025,02,27,29,65,68
6788,31/07/2025,10,11,54,56,63
6787,30/07/2025,06,23,26,67,80
6786,29/07/2025,05,23,68,71,74
6785,28/07/2025,16,23,38,40,65
6784,26/07/2025,01,18,34,41,45
6783,25/07/2025,41,46,64,68,77
6782,24/07/2025,09,14,30,38,60
6781,23/07/2025,01,04,50,58,73
6780,22/07/2025,24,43,62,77,80
6779,21/07/2025,14,17,20,27,31
6778,19/07/2025,26,40,45,66,71
6777,18/07/2025,16,56,62,67,79
6776,17/07/2025,01,05,21,50,61
6775,16/07/2025,32,36,45,52,54
6774,15/07/2025,08,11,18,30,57
6773,14/07/2025,02,08,31,68,78
6772,12/07/2025,14,47,50,63,70
6771,11/07/2025,25,26,38,53,66
6770,10/07/2025,28,30,31,43,74
6769,09/07/2025,10,25,57,64,77
6768,08/07/2025,02,10,41,58,59
6767,07/07/2025,02,42,45,52,71
6766,05/07/2025,16,28,41,47,57
6765,04/07/2025,17,29,35,52,63
6764,03/07/2025,04,31,39,50,60
6763,02/07/2025,20,42,44,58,74
6762,01/07/2025,02,39,41,58,76
6761,30/06/2025,22,44,45,59,73
6760,28/06/2025,12,19,20,34,35
6759,18/06/2025,16,20,23,27,73
6758,17/06/2025,20,28,42,56,75
6757,16/06/2025,08,37,54,62,72
6756,14/06/2025,34,39,54,60,77
6755,13/06/2025,16,23,46,51,67
6754,12/06/2025,04,26,59,68,80
6753,11/06/2025,52,56,61,65,80
6752,10/06/2025,05,37,50,51,56
6751,09/06/2025,23,40,59,75,80
6750,07/06/2025,24,32,35,39,71
6749,06/06/2025,06,08,19,23,25
6748,05/06/2025,01,25,27,49,53
6747,04/06/2025,04,05,15,57,68
6746,03/06/2025,06,29,40,54,67
6745,02/06/2025,03,14,29,48,55
6744,31/05/2025,14,26,27,54,73
6743,30/05/2025,02,04,16,36,58
6742,29/05/2025,15,35,50,67,73
6741,28/05/2025,01,17,21,52,59
6740,27/05/2025,21,39,46,58,71
6739,26/05/2025,10,31,48,74,79
6738,24/05/2025,02,47,60,61,62
6737,23/05/2025,03,43,63,67,74
6736,22/05/2025,17,29,60,75,80
6735,21/05/2025,30,49,50,73,79
6734,20/05/2025,17,32,44,65,80
6733,19/05/2025,18,34,36,61,70
6732,17/05/2025,13,19,22,43,64
6731,16/05/2025,24,41,51,57,62
6730,15/05/2025,21,44,57,60,65
6729,14/05/2025,17,20,25,37,39
6728,13/05/2025,08,15,38,44,80
6727,12/05/2025,02,06,14,16,60
6726,10/05/2025,20,49,56,60,67
6725,09/05/2025,20,23,30,39,53
6724,08/05/2025,12,13,22,54,74
6723,07/05/2025,15,41,51,56,79
6722,06/05/2025,07,15,24,32,52
6721,05/05/2025,05,43,56,74,79
6720,03/05/2025,04,42,55,61,68
6719,02/05/2025,07,09,15,37,44
6718,30/04/2025,19,36,53,65,66
6717,29/04/2025,06,13,62,72,77
6716,28/04/2025,18,22,60,61,62
6715,26/04/2025,09,14,28,37,51
6714,25/04/2025,20,31,47,59,72
6713,24/04/2025,35,43,48,52,72
6712,23/04/2025,01,27,49,57,63
6711,22/04/2025,10,15,48,52,71
6710,19/04/2025,13,17,18,29,78
6709,17/04/2025,29,32,39,57,61
6708,16/04/2025,09,13,15,40,77
6707,15/04/2025,14,32,58,70,77
6706,14/04/2025,40,41,65,66,71
6705,12/04/2025,19,27,34,50,72
6704,11/04/2025,09,23,26,44,70
6703,10/04/2025,08,16,53,61,74
6702,09/04/2025,27,43,51,53,78
6701,08/04/2025,04,09,21,29,64
6700,07/04/2025,12,21,23,31,42
6699,05/04/2025,08,13,41,48,78
6698,04/04/2025,07,13,18,22,32
6697,03/04/2025,40,42,44,47,52
6696,02/04/2025,15,19,51,55,57
6695,01/04/2025,22,62,67,70,79
6694,31/03/2025,24,38,43,44,49
6693,29/03/2025,13,17,20,29,46
6692,28/03/2025,07,13,21,34,76
6691,27/03/2025,06,07,38,56,67
6690,26/03/2025,01,33,53,55,76
6689,25/03/2025,07,23,24,55,56
6688,24/03/2025,21,40,43,67,68
6687,22/03/2025,10,11,39,41,50
6686,21/03/2025,15,16,25,35,67
6685,20/03/2025,06,20,37,51,69
6684,19/03/2025,09,15,27,65,76
6683,18/03/2025,20,23,53,60,71
6682,17/03/2025,08,15,24,28,68
6681,15/03/2025,39,46,52,65,77
6680,14/03/2025,08,13,22,34,41
6679,13/03/2025,03,05,16,28,37
6678,12/03/2025,33,36,50,51,69
6677,11/03/2025,17,52,69,72,75
6676,10/03/2025,11,25,29,31,45
6675,08/03/2025,13,25,26,37,76
6674,07/03/2025,19,32,57,60,75
6673,06/03/2025,14,26,35,52,74
6672,05/03/2025,27,30,48,66,73
6671,01/03/2025,46,47,61,66,75
6670,28/02/2025,05,14,21,31,65
6669,27/02/2025,01,31,33,60,69
6668,26/02/2025,19,31,32,54,78
6667,25/02/2025,02,03,19,42,48
6666,24/02/2025,10,20,23,25,74
6665,22/02/2025,26,30,35,66,77
6664,21/02/2025,11,23,32,44,76
6663,20/02/2025,21,35,44,52,62
6662,19/02/2025,04,34,40,61,66
6661,18/02/2025,28,45,48,72,76
6660,17/02/2025,05,15,21,35,43
6659,15/02/2025,05,12,20,69,70
6658,14/02/2025,15,22,56,60,71
6657,13/02/2025,10,30,41,53,69
6656,12/02/2025,17,24,31,66,79
6655,11/02/2025,10,34,41,44,69
6654,10/02/2025,14,25,48,51,66
6653,08/02/2025,13,17,40,49,51
6652,07/02/2025,42,47,52,59,65
6651,06/02/2025,14,23,31,48,63
6650,05/02/2025,16,23,24,27,48
6649,04/02/2025,09,43,47,65,74
6648,03/02/2025,16,25,39,58,68
6647,01/02/2025,05,14,31,43,51
6646,31/01/2025,07,41,65,77,79
6645,30/01/2025,05,19,48,64,76
6644,29/01/2025,08,18,59,60,75
6643,28/01/2025,08,28,42,47,78
6642,27/01/2025,18,21,27,57,72
6641,25/01/2025,22,52,60,63,78
6640,24/01/2025,01,05,08,77,78
6639,23/01/2025,19,26,72,76,77
6638,22/01/2025,13,26,40,57,75
6637,21/01/2025,13,33,34,46,70
6636,20/01/2025,02,22,31,35,53
6635,18/01/2025,13,38,49,63,66
6634,17/01/2025,23,32,37,71,72
6633,16/01/2025,25,41,59,75,77
6632,15/01/2025,15,24,45,52,70
6631,14/01/2025,03,10,57,65,67
6630,13/01/2025,09,37,42,55,71
6629,11/01/2025,05,19,26,43,66
6628,10/01/2025,33,40,43,48,70
6627,09/01/2025,11,13,21,41,54
6626,08/01/2025,03,11,19,52,71
6625,07/01/2025,17,19,30,48,77
6624,06/01/2025,10,23,48,74,79
6623,04/01/2025,27,51,52,54,65
6622,03/01/2025,01,02,25,37,79
6621,02/01/2025,06,12,42,44,62
